Datetime,Activation ID,Kind,Start,Duration,Status,Entity
2025-01-03 15:49:05,65e48c81803448f7a48c81803498f78e,java:8,cold,706ms,success,guest/dt:0.0.1
2025-01-03 15:49:04,0485d7d428a0481785d7d428a0681745,python:3,cold,559ms,success,guest/gp:0.0.1
2025-01-03 15:49:03,7155188e02e1449295188e02e14492a0,nodejs:12,cold,844ms,success,guest/is:0.0.1
2025-01-03 15:49:03,eac4ae065148461b84ae065148661b27,python:3,cold,378ms,success,guest/gb:0.0.1
2025-01-03 15:49:01,c89508c123fb413f9508c123fbf13faa,nodejs:12,warm,470ms,success,guest/is:0.0.1
2025-01-03 15:49:01,cd90db2899664ae790db289966dae70c,nodejs:12,cold,1.15s,success,guest/is:0.0.1
2025-01-03 15:49:00,5fd9fcb3510a404399fcb3510ab0438e,nodejs:12,cold,662ms,success,guest/is:0.0.1
2025-01-03 15:49:00,dcfae1240d604fa2bae1240d602fa20e,python:3,cold,795ms,success,guest/fc:0.0.1
2025-01-03 15:48:58,2ff9ad7ed5654210b9ad7ed56562104e,java:8,cold,1.096s,success,guest/dl:0.0.1
2025-01-03 15:48:56,0b401136da18478c801136da18578cd2,python:3,cold,1.789s,success,guest/gp:0.0.1
2025-01-03 15:48:56,c5dca7910b9a4e409ca7910b9aee4098,java:8,cold,1.683s,success,guest/dt:0.0.1
2025-01-03 15:48:54,4a9eb672714b43529eb672714b8352f6,python:3,cold,695ms,success,guest/dv:0.0.1
2025-01-03 15:48:54,a7973f6ec68a4ed8973f6ec68a4ed848,nodejs:12,cold,1.509s,success,guest/tn:0.0.1
2025-01-03 15:48:53,c98ec9ca95e949ae8ec9ca95e919ae0f,python:3,cold,921ms,success,guest/sa:0.0.1
2025-01-03 15:48:52,54b98f6bd4674d51b98f6bd4673d51e4,python:3,cold,523ms,success,guest/fc:0.0.1
2025-01-03 15:48:52,455487e052f3491d9487e052f3f91d3a,nodejs:12,cold,52ms,success,guest/dh:0.0.1
2025-01-03 15:48:51,675a349b6def408b9a349b6defd08b42,nodejs:12,cold,96ms,success,guest/oi:0.0.1
2025-01-03 15:48:50,85215bcf55b64d01a15bcf55b6fd0155,java:8,cold,341ms,success,guest/dt:0.0.1
2025-01-03 15:48:50,21c4d8031e9a4d7c84d8031e9a0d7c0a,python:3,cold,550ms,success,guest/fc:0.0.1
2025-01-03 15:48:49,e627c96128e8498ca7c96128e8998cf1,nodejs:12,warm,223ms,success,guest/is:0.0.1
2025-01-03 15:48:48,f0943a2f87204549943a2f87203549db,nodejs:12,cold,446ms,success,guest/is:0.0.1
2025-01-03 15:48:48,2f2996e4d9354a2fa996e4d9357a2fbd,nodejs:12,cold,443ms,success,guest/is:0.0.1
2025-01-03 15:48:47,bbf7b43ad6d645a2b7b43ad6d645a2e9,nodejs:12,cold,464ms,success,guest/is:0.0.1
2025-01-03 15:48:46,c0f24cab1c444b23b24cab1c44fb2398,java:8,cold,317ms,success,guest/dl:0.0.1
2025-01-03 15:48:45,2e8c1b56ca6a410d8c1b56ca6a310d8d,python:3,cold,756ms,success,guest/sa:0.0.1
2025-01-03 15:48:45,36ed3ec1307b41a9ad3ec1307b91a9a0,nodejs:12,cold,68ms,success,guest/dh:0.0.1
2025-01-03 15:48:43,59f2a25defd842dfb2a25defd812df4f,java:8,cold,252ms,success,guest/dq:0.0.1
2025-01-03 15:48:43,8b4b63218f754f318b63218f753f3105,java:8,cold,283ms,success,guest/dq:0.0.1
2025-01-03 15:48:43,4396c43344964d3d96c43344963d3d5f,java:8,warm,2ms,success,guest/dq:0.0.1
2025-01-03 15:48:42,8327a19e074e471ea7a19e074ed71e1f,java:8,cold,351ms,success,guest/dq:0.0.1
2025-01-03 15:48:42,fc39ac3bc8cc4ad8b9ac3bc8cc1ad837,python:3,cold,193ms,success,guest/gb:0.0.1
2025-01-03 15:48:41,da6eb60552c7437caeb60552c7a37cd3,nodejs:12,cold,444ms,success,guest/is:0.0.1
2025-01-03 15:48:39,ae9a2f584a7c41939a2f584a7c9193ec,nodejs:12,warm,163ms,success,guest/is:0.0.1
2025-01-03 15:48:39,13116192643f4b65916192643fab658b,nodejs:12,warm,63ms,success,guest/is:0.0.1
2025-01-03 15:48:39,da041f6baf2b4747841f6baf2bc74723,nodejs:12,cold,424ms,success,guest/is:0.0.1
2025-01-03 15:48:39,f6919363625d4d2a919363625d6d2a3f,nodejs:12,cold,455ms,success,guest/is:0.0.1
2025-01-03 15:48:38,7c79df36635c4eefb9df36635c1eefda,nodejs:12,cold,38ms,success,guest/ac:0.0.1
